model,A,k,log_likelihood,aic,bic
exponential,1.192839808217473,7.929048624312155,-124.46685399851387,252.93370799702774,256.3114669052556
